1nic_pyry_distanced_out100k_-64.3504_75000_1.92168e-32.pdb,-40.58358537554102
1nic_pyry_distanced_out100k_-64.3518_60000_5.87766e-26.pdb,-40.58358537554102
1nic_pyry_distanced_out100k_-64.3532_55000_2.47653e-24.pdb,-40.58358537554102
1nic_pyry_distanced_out100k_-64.3943_30000_1.55492e-12.pdb,-41.26860733127101
1nic_pyry_distanced_out100k_-64.4014_20000_5.69358e-08.pdb,-41.36551734427907
1nic_pyry_distanced_out100k_-64.4028_15000_3.79507e-07.pdb,-43.245663676590844
1nic_pyry_distanced_out100k_-64.4085_10000_0.00159286.pdb,-43.245663676590844
1nic_pyry_distanced_out100k_-64.4396_5000_0.0122259.pdb,-41.27597551496443
1nic_pyry_distanced_out100k_-99.2137_0_0.pdb,-10.359544798851974
1nic_pyry_distanced_out100k_-99.2137_inside_map_.pdb,-10.359544798851974
1nic_pyry_distanced_out100k_0.0_incenter_.pdb,150.49866358201595
1nic_pyry_distanced_out100k_0.0_original_structure_.pdb,-10.359544798851974
1nic_pyry_distanced_out100k_0.0_reversed_.pdb,-10.359544798851974
1nic_pyry_distanced_out100k_0.0_simboxcells_.pdb,150.49866358201595
