1nic_pyry_distanced_out_-64.3206_18000_1.55378e-08.pdb,-42.8569211686871
1nic_pyry_distanced_out_-64.3249_16000_6.84828e-07.pdb,-42.80576864623972
1nic_pyry_distanced_out_-64.3277_14000_2.08333e-06.pdb,-42.80576864623972
1nic_pyry_distanced_out_-64.3291_12000_6.70299e-06.pdb,-42.80576864623972
1nic_pyry_distanced_out_-64.3716_6000_0.00970302.pdb,-42.545722698325115
1nic_pyry_distanced_out_-64.3858_8000_0.00213546.pdb,-42.09572952531258
1nic_pyry_distanced_out_-64.4198_4000_0.0327219.pdb,-38.75636387800268
1nic_pyry_distanced_out_-64.662_2000_0.164985.pdb,-48.1470081703101
1nic_pyry_distanced_out_-99.2137_0_0.pdb,-10.359544798851974
1nic_pyry_distanced_out_-99.2137_inside_map_.pdb,-10.359544798851974
1nic_pyry_distanced_out_0.0_incenter_.pdb,150.49866358201595
1nic_pyry_distanced_out_0.0_original_structure_.pdb,-10.359544798851974
1nic_pyry_distanced_out_0.0_reversed_.pdb,-10.359544798851974
1nic_pyry_distanced_out_0.0_simboxcells_.pdb,150.49866358201595
